{
  "name": "item.cs2_ultra.butterfly_tiger",
  "type": "lrtactical:normal",
  "base_item": "lrtactical:melee",
  "data": {
    "attributes": {
      "generic.attack_damage": 11,
      "minecraft:generic.movement_speed": {
        "amount": 0.05,
        "operation": "percent"
      }
    },
    "draw_time": 19,
    "put_away_time": 1,
    "attack": {
      "attack_left": {
        "factor": 1,
        "knockback": 0.25,
        "cooldown": 8,
        "delay": 4,
        "hitbox": {
          "type": "cone",
          "max_range": 4,
          "max_angle": 110,
          "exclude_self": true
        }
      },
      "attack_right": {
        "factor": 1.5,
        "knockback": 0.3,
        "cooldown": 8,
        "delay": 4,
        "hitbox": {
          "type": "cone",
          "max_range": 4,
          "max_angle": 60,
          "exclude_self": true
        }
      }
    }
  }
}